feature,importance,feature_group
warning_word_count,0.01195022,handcrafted
first_person_ratio,0.010687486,handcrafted
svd_component_072,0.006972248,svd_component
svd_component_156,0.0063501536,svd_component
svd_component_002,0.0060888524,svd_component
svd_component_114,0.0058886083,svd_component
svd_component_202,0.005195486,svd_component
svd_component_036,0.0051536034,svd_component
svd_component_143,0.0051127006,svd_component
svd_component_062,0.0050912015,svd_component
svd_component_003,0.005002579,svd_component
svd_component_130,0.0049665864,svd_component
svd_component_008,0.004950302,svd_component
svd_component_058,0.0049326485,svd_component
svd_component_077,0.004897087,svd_component
svd_component_063,0.0048878174,svd_component
svd_component_176,0.0048796427,svd_component
svd_component_253,0.0047949106,svd_component
svd_component_188,0.0047898595,svd_component
svd_component_268,0.004775754,svd_component
svd_component_282,0.0047612777,svd_component
svd_component_018,0.004732347,svd_component
svd_component_125,0.004663192,svd_component
svd_component_070,0.0046588075,svd_component
svd_component_201,0.004628439,svd_component
svd_component_263,0.004547489,svd_component
svd_component_249,0.0045328457,svd_component
svd_component_022,0.004529096,svd_component
svd_component_073,0.004514889,svd_component
svd_component_210,0.0045141885,svd_component
svd_component_266,0.0044938065,svd_component
svd_component_265,0.0044812514,svd_component
svd_component_192,0.004476518,svd_component
svd_component_005,0.0044752522,svd_component
svd_component_223,0.004389795,svd_component
svd_component_140,0.0043798303,svd_component
svd_component_123,0.0043701725,svd_component
svd_component_183,0.004334739,svd_component
svd_component_119,0.004323048,svd_component
svd_component_199,0.0042977585,svd_component
absolutist_ratio,0.0042828713,handcrafted
svd_component_264,0.0042806477,svd_component
svd_component_276,0.004276923,svd_component
svd_component_160,0.004232317,svd_component
svd_component_170,0.0042169755,svd_component
svd_component_004,0.0042079454,svd_component
svd_component_252,0.0041780057,svd_component
svd_component_245,0.004159595,svd_component
svd_component_287,0.00414283,svd_component
svd_component_209,0.004141326,svd_component
svd_component_171,0.0041380124,svd_component
svd_component_219,0.004132917,svd_component
svd_component_007,0.004132544,svd_component
svd_component_241,0.0041309926,svd_component
svd_component_190,0.0041024126,svd_component
svd_component_247,0.004058962,svd_component
svd_component_284,0.0040431307,svd_component
svd_component_228,0.004035305,svd_component
svd_component_060,0.003982319,svd_component
svd_component_269,0.0039743213,svd_component
svd_component_153,0.0039676237,svd_component
svd_component_157,0.003954145,svd_component
svd_component_105,0.0039494676,svd_component
svd_component_024,0.0039404347,svd_component
svd_component_027,0.0039192014,svd_component
svd_component_121,0.0039022684,svd_component
svd_component_298,0.0038966078,svd_component
svd_component_217,0.0038909607,svd_component
svd_component_033,0.0038767045,svd_component
svd_component_023,0.003860595,svd_component
svd_component_020,0.0038131627,svd_component
svd_component_113,0.0037604421,svd_component
svd_component_216,0.0037573471,svd_component
svd_component_197,0.0037489443,svd_component
svd_component_096,0.003745932,svd_component
svd_component_262,0.0037375318,svd_component
svd_component_025,0.003718863,svd_component
svd_component_173,0.0037154958,svd_component
negation_ratio,0.0037143282,handcrafted
svd_component_015,0.0037100546,svd_component
svd_component_237,0.0036742203,svd_component
svd_component_165,0.003662084,svd_component
svd_component_097,0.0036510848,svd_component
svd_component_221,0.003638974,svd_component
svd_component_189,0.003637994,svd_component
svd_component_163,0.003636766,svd_component
svd_component_099,0.003596455,svd_component
svd_component_001,0.0035511462,svd_component
svd_component_145,0.0035391035,svd_component
svd_component_075,0.0035241114,svd_component
svd_component_042,0.003522722,svd_component
svd_component_065,0.0035198734,svd_component
svd_component_071,0.0035100484,svd_component
svd_component_106,0.0035065173,svd_component
svd_component_184,0.0034962292,svd_component
svd_component_275,0.0034852147,svd_component
svd_component_132,0.0034828112,svd_component
svd_component_049,0.0034530906,svd_component
svd_component_082,0.0034359214,svd_component
svd_component_224,0.003424452,svd_component
svd_component_218,0.0034134085,svd_component
svd_component_185,0.0034011782,svd_component
svd_component_220,0.0034008168,svd_component
svd_component_179,0.0033985102,svd_component
svd_component_059,0.0033796518,svd_component
svd_component_095,0.0033784132,svd_component
svd_component_128,0.003371805,svd_component
svd_component_045,0.0033658077,svd_component
svd_component_260,0.003354047,svd_component
svd_component_061,0.0033428534,svd_component
svd_component_098,0.0033400252,svd_component
svd_component_142,0.0033276,svd_component
svd_component_168,0.003326198,svd_component
svd_component_109,0.0033222898,svd_component
svd_component_148,0.0033209275,svd_component
svd_component_131,0.0033105167,svd_component
svd_component_240,0.0033035665,svd_component
svd_component_169,0.0032997024,svd_component
svd_component_124,0.0032996417,svd_component
svd_component_286,0.0032989401,svd_component
svd_component_293,0.003294721,svd_component
svd_component_248,0.0032911745,svd_component
svd_component_255,0.0032886222,svd_component
svd_component_014,0.0032810986,svd_component
svd_component_079,0.0032800173,svd_component
svd_component_229,0.0032700778,svd_component
svd_component_280,0.0032667809,svd_component
svd_component_214,0.0032660288,svd_component
svd_component_277,0.0032633182,svd_component
svd_component_115,0.0032609021,svd_component
svd_component_017,0.0032580043,svd_component
sentence_count,0.0032541652,handcrafted
svd_component_101,0.0032450117,svd_component
svd_component_297,0.0032443693,svd_component
svd_component_091,0.0032357725,svd_component
svd_component_261,0.0032357061,svd_component
svd_component_006,0.0032301561,svd_component
svd_component_026,0.003230015,svd_component
svd_component_291,0.003223674,svd_component
svd_component_019,0.0032201973,svd_component
svd_component_078,0.003215264,svd_component
svd_component_288,0.003207203,svd_component
svd_component_011,0.003205778,svd_component
svd_component_233,0.0031996758,svd_component
svd_component_239,0.0031928374,svd_component
svd_component_285,0.0031926124,svd_component
svd_component_029,0.003192513,svd_component
svd_component_230,0.0031924448,svd_component
svd_component_127,0.0031825206,svd_component
svd_component_227,0.0031800335,svd_component
svd_component_182,0.003172922,svd_component
svd_component_155,0.0031660208,svd_component
svd_component_295,0.00316031,svd_component
svd_component_196,0.003143917,svd_component
svd_component_102,0.00314161,svd_component
svd_component_213,0.0031267037,svd_component
svd_component_122,0.0031182913,svd_component
svd_component_154,0.0031108472,svd_component
svd_component_013,0.003083564,svd_component
svd_component_300,0.0030821748,svd_component
svd_component_151,0.0030818104,svd_component
svd_component_081,0.0030800556,svd_component
svd_component_076,0.0030760306,svd_component
svd_component_136,0.0030706187,svd_component
svd_component_104,0.0030670352,svd_component
svd_component_129,0.0030652976,svd_component
svd_component_056,0.0030574703,svd_component
svd_component_021,0.0030533243,svd_component
svd_component_258,0.0030496838,svd_component
svd_component_150,0.0030450968,svd_component
svd_component_043,0.0030354415,svd_component
svd_component_152,0.0030351847,svd_component
svd_component_107,0.0030337463,svd_component
svd_component_271,0.003029169,svd_component
svd_component_211,0.0029945914,svd_component
svd_component_238,0.0029906407,svd_component
svd_component_057,0.0029876423,svd_component
svd_component_256,0.0029872218,svd_component
svd_component_111,0.002985314,svd_component
svd_component_215,0.0029736133,svd_component
svd_component_272,0.0029678382,svd_component
exclamation_ratio,0.0029647006,handcrafted
svd_component_068,0.002963658,svd_component
svd_component_193,0.0029555357,svd_component
svd_component_283,0.0029540653,svd_component
svd_component_243,0.0029499629,svd_component
svd_component_135,0.0029496583,svd_component
svd_component_158,0.0029460618,svd_component
svd_component_046,0.0029437253,svd_component
svd_component_232,0.002938377,svd_component
svd_component_092,0.0029372245,svd_component
svd_component_203,0.0029337793,svd_component
svd_component_236,0.0029129025,svd_component
svd_component_041,0.002911706,svd_component
svd_component_186,0.0029052717,svd_component
svd_component_067,0.0029048182,svd_component
svd_component_274,0.002897341,svd_component
svd_component_074,0.0028924965,svd_component
svd_component_116,0.00289094,svd_component
svd_component_161,0.0028871216,svd_component
svd_component_040,0.0028858855,svd_component
svd_component_273,0.00287856,svd_component
svd_component_120,0.0028770869,svd_component
svd_component_244,0.0028452412,svd_component
svd_component_055,0.0028348519,svd_component
svd_component_093,0.002825414,svd_component
svd_component_103,0.0028157025,svd_component
svd_component_172,0.0027937389,svd_component
svd_component_010,0.0027867723,svd_component
svd_component_159,0.0027342557,svd_component
svd_component_167,0.0027306373,svd_component
svd_component_138,0.002730193,svd_component
svd_component_016,0.0027198377,svd_component
svd_component_085,0.00269127,svd_component
svd_component_012,0.0026785126,svd_component
svd_component_178,0.0026544102,svd_component
svd_component_270,0.0026377877,svd_component
svd_component_108,0.0026370848,svd_component
svd_component_141,0.0026352422,svd_component
svd_component_294,0.0026302303,svd_component
svd_component_254,0.0026288445,svd_component
svd_component_083,0.0026244177,svd_component
word_count,0.0026204577,handcrafted
svd_component_139,0.00261913,svd_component
svd_component_292,0.0026189128,svd_component
svd_component_064,0.00261591,svd_component
svd_component_089,0.0026115268,svd_component
svd_component_080,0.0025916046,svd_component
svd_component_205,0.0025861077,svd_component
svd_component_164,0.0025730918,svd_component
svd_component_222,0.0025505524,svd_component
svd_component_166,0.0025453938,svd_component
svd_component_162,0.0025441453,svd_component
svd_component_194,0.0025385371,svd_component
svd_component_174,0.0025328286,svd_component
svd_component_225,0.002516453,svd_component
svd_component_110,0.002512372,svd_component
svd_component_251,0.0025075006,svd_component
svd_component_039,0.002483272,svd_component
svd_component_146,0.002481919,svd_component
svd_component_212,0.0024559908,svd_component
svd_component_084,0.0024484016,svd_component
svd_component_038,0.002435471,svd_component
svd_component_087,0.0024312532,svd_component
svd_component_278,0.002430198,svd_component
svd_component_048,0.0024243295,svd_component
svd_component_118,0.0024219418,svd_component
svd_component_117,0.0024216962,svd_component
svd_component_231,0.0024022034,svd_component
svd_component_144,0.0023930348,svd_component
svd_component_299,0.0023626904,svd_component
svd_component_281,0.0023520233,svd_component
svd_component_134,0.0023474651,svd_component
svd_component_032,0.002343479,svd_component
svd_component_257,0.0023238428,svd_component
svd_component_035,0.0023196386,svd_component
svd_component_208,0.0023176621,svd_component
svd_component_235,0.002302785,svd_component
svd_component_259,0.0022972215,svd_component
svd_component_050,0.0022965432,svd_component
svd_component_031,0.0022786716,svd_component
svd_component_250,0.0022731416,svd_component
svd_component_051,0.0022653833,svd_component
svd_component_086,0.0022644235,svd_component
svd_component_234,0.0022639784,svd_component
svd_component_180,0.002256545,svd_component
svd_component_126,0.0022519,svd_component
svd_component_296,0.0022495277,svd_component
svd_component_289,0.0022484518,svd_component
svd_component_242,0.0022393195,svd_component
svd_component_279,0.002238999,svd_component
svd_component_204,0.002202845,svd_component
svd_component_044,0.0021841787,svd_component
svd_component_054,0.0021695443,svd_component
svd_component_290,0.0021662835,svd_component
svd_component_009,0.002161012,svd_component
svd_component_030,0.002152408,svd_component
svd_component_181,0.0021358565,svd_component
svd_component_177,0.002135255,svd_component
svd_component_207,0.0021191528,svd_component
svd_component_147,0.002108129,svd_component
svd_component_206,0.0020834121,svd_component
svd_component_267,0.0020687692,svd_component
svd_component_133,0.0020628567,svd_component
svd_component_149,0.0020580213,svd_component
svd_component_191,0.0020503534,svd_component
svd_component_195,0.0020482014,svd_component
svd_component_094,0.0020372728,svd_component
svd_component_066,0.0020285305,svd_component
svd_component_088,0.0019924636,svd_component
svd_component_175,0.0019756518,svd_component
svd_component_037,0.001946157,svd_component
svd_component_112,0.001917063,svd_component
svd_component_100,0.0019031833,svd_component
svd_component_137,0.0018700246,svd_component
svd_component_246,0.0018437668,svd_component
svd_component_028,0.0018043601,svd_component
svd_component_226,0.0017425366,svd_component
svd_component_200,0.0017261691,svd_component
svd_component_187,0.0016958896,svd_component
svd_component_090,0.0016730453,svd_component
svd_component_047,0.0015860269,svd_component
svd_component_053,0.0015680444,svd_component
svd_component_052,0.0015565461,svd_component
svd_component_034,0.0014957996,svd_component
svd_component_198,0.0012766994,svd_component
svd_component_069,0.0012496589,svd_component
